tree_id,species,tree_height_m,tree_dbh_mm,sensor_height,location,sink_logger,wood_density,elasticity_kpsi,breaking_strain,breaking_stress_psi,genus,genus_wd,risk_at_37,fit_type,num_hours_data,tree_dbh_m,slenderness,ID,dsm,dtm,surrounding_dsm,surrounding_dtm,buffer_type,buffer_width,surroundings_added,dtm_sink_mean,surrounding_dtm_sink_mean,surrounding_dsm_sink_mean,tree_height_m_plus_dtm,exposure_dsm_field
s54,Jacaranda,27.1,369,1.7,Fairchild_South,518,0.35,1160,0.00395,1980,Jacaranda,Jacaranda (0.35),0.7343842613533278,squared through origin,595,0.369,73.44173441734418,25,78.37297877859562,61.19503430238704,78.62913022098391,58.16849854099911,circular,50,0,55.86320337660135,53.49092563965887,73.14905342720738,88.29503430238705,9.665904081403141
s54,Jacaranda,27.1,369,1.7,Fairchild_South,518,0.35,1160,0.00395,1980,Jacaranda,Jacaranda (0.35),0.7343842613533278,squared through origin,595,0.369,73.44173441734418,25,78.37297877859562,61.19503430238704,96.10998397556864,67.70836646728516,triangular,50,0,55.86320337660135,60.017428988651616,83.17693736352724,88.29503430238705,-7.814949673181587
s56,Dypterix,31,862,2.6,Fairchild_South,518,0.85,2690,0.00717,9020,Dypterix,Dypterix (0.85),0.5023757749950575,squared through origin,446,0.862,35.96287703016241,27,85.54976935753456,50.41769919762245,75.20141158736115,54.541332712784026,circular,50,0,55.86320337660135,53.49092563965887,73.14905342720738,81.41769919762245,6.216287610261304
s56,Dypterix,31,862,2.6,Fairchild_South,518,0.85,2690,0.00717,9020,Dypterix,Dypterix (0.85),0.5023757749950575,squared through origin,446,0.862,35.96287703016241,27,85.54976935753456,50.41769919762245,83.18881797640223,59.01695704142253,triangular,50,0,55.86320337660135,60.017428988651616,83.17693736352724,81.41769919762245,-1.7711187787797797
s58,Guyacan,35.5,810,1.6,Fairchild_South,518,0.92,2920,0.00773,10350,Handroanthus,Handroanthus (0.92),0.7515934693456519,squared through origin,548,0.81,43.82716049382716,26,85.44671000819052,54.17293260097504,74.45972038250525,53.47951241493865,circular,50,0,55.86320337660135,53.49092563965887,73.14905342720738,89.67293260097503,15.213212218469778
s58,Guyacan,35.5,810,1.6,Fairchild_South,518,0.92,2920,0.00773,10350,Handroanthus,Handroanthus (0.92),0.7515934693456519,squared through origin,548,0.81,43.82716049382716,26,85.44671000819052,54.17293260097504,82.7065904968909,56.51961751098633,triangular,50,0,55.86320337660135,60.017428988651616,83.17693736352724,89.67293260097503,6.966342104084134
s60,Virola,20.7,505,0.8,Fausto,511,0.44,1640,0.00341,2390,Virola,Virola (0.44),0.08063566542031193,squared through origin,700,0.505,40.99009900990099,101,113.96861139933269,81.84415054321289,109.38438307257952,80.72474127399678,circular,50,0,88.70826850575793,85.31618243187421,111.69085394640031,102.5441505432129,-6.840232529366631
s60,Virola,20.7,505,0.8,Fausto,511,0.44,1640,0.00341,2390,Virola,Virola (0.44),0.08063566542031193,squared through origin,700,0.505,40.99009900990099,101,113.96861139933269,81.84415054321289,116.22252623523295,86.42017712402344,triangular,50,0,88.70826850575793,87.52764955701763,110.00591662059522,102.5441505432129,-13.678375692020055
s62,Anacardium,31.7,932,1.3,Fausto,511,0.41,1060,0.00502,2460,Anacardium,Anacardium (0.41),1.5654772709046834,squared through origin,149,0.932,34.012875536480685,102,121.38982173374721,87.29083660670689,111.66772573682724,84.7673740657552,circular,50,0,88.70826850575793,85.31618243187421,111.69085394640031,118.99083660670689,7.323110869879656
s62,Anacardium,31.7,932,1.3,Fausto,511,0.41,1060,0.00502,2460,Anacardium,Anacardium (0.41),1.5654772709046834,squared through origin,149,0.932,34.012875536480685,102,121.38982173374721,87.29083660670689,108.10551003452285,86.68564255981445,triangular,50,0,88.70826850575793,87.52764955701763,110.00591662059522,118.99083660670689,10.885326572184042
s70,Anacardium,33.5,1123,1.1,Fausto,511,0.41,1060,0.00502,2460,Anacardium,Anacardium (0.41),0.7401213689157794,squared through origin,26,1.123,29.830810329474623,103,122.27923192232446,96.98981836735399,114.02045302979415,90.45643195587064,circular,50,0,88.70826850575793,85.31618243187421,111.69085394640031,130.489818367354,16.469365337559836
s70,Anacardium,33.5,1123,1.1,Fausto,511,0.41,1060,0.00502,2460,Anacardium,Anacardium (0.41),0.7401213689157794,squared through origin,26,1.123,29.830810329474623,103,122.27923192232446,96.98981836735399,105.68971359202983,89.477128987215,triangular,50,0,88.70826850575793,87.52764955701763,110.00591662059522,130.489818367354,24.800104775324158
s98,Anacardium,32.5,1380,1.4,Fairchild_South,523,0.41,1060,0.00502,2460,Anacardium,Anacardium (0.41),0.5291286497911001,squared through origin,611,1.38,23.55072463768116,35,78.9968129217487,47.287646269412846,69.06395305355528,46.83525931436282,circular,50,0,50.23914979781703,50.14819545603735,76.09324200413255,79.78764626941285,10.723693215857566
s98,Anacardium,32.5,1380,1.4,Fairchild_South,523,0.41,1060,0.00502,2460,Anacardium,Anacardium (0.41),0.5291286497911001,squared through origin,611,1.38,23.55072463768116,35,78.9968129217487,47.287646269412846,82.55709657789785,55.30891063316196,triangular,50,0,50.23914979781703,56.155726273102886,83.54755457281313,79.78764626941285,-2.7694503084850055
s100,Virola,28.3,438,1.4,Fairchild,527,0.44,1640,0.00341,2390,Virola,Virola (0.44),6.11443155875965,squared through origin,1451,0.438,64.61187214611873,66,115.87181784889914,84.74295358096852,108.67393938870353,83.43097554748014,circular,50,0,90.4773143704883,86.71484485425097,110.50391070373718,113.04295358096851,4.369014192264984
s100,Virola,28.3,438,1.4,Fairchild,527,0.44,1640,0.00341,2390,Virola,Virola (0.44),6.11443155875965,squared through origin,1451,0.438,64.61187214611873,66,115.87181784889914,84.74295358096852,100.9097115504436,75.3861190185547,triangular,50,0,90.4773143704883,80.19576969726164,107.83511991724328,113.04295358096851,12.133242030524912
s102,Dypterix,32.5,467,2.7,Fairchild,527,0.85,2690,0.00717,9020,Dypterix,Dypterix (0.85),2.5403536150810546,squared through origin,1428,0.467,69.593147751606,68,122.63071132005508,93.5698286878514,111.50209521258734,87.94792923753279,circular,50,0,90.4773143704883,86.71484485425097,110.50391070373718,126.0698286878514,14.567733475264063
s102,Dypterix,32.5,467,2.7,Fairchild,527,0.85,2690,0.00717,9020,Dypterix,Dypterix (0.85),2.5403536150810546,squared through origin,1428,0.467,69.593147751606,68,122.63071132005508,93.5698286878514,112.21425601806641,80.26444838256836,triangular,50,0,90.4773143704883,80.19576969726164,107.83511991724328,126.0698286878514,13.85557266978499
s104,Guyacan,32.1,606,1.4,Fairchild,517,0.92,2920,0.00773,10350,Handroanthus,Handroanthus (0.92),0.6047432779569364,squared through origin,861,0.606,52.97029702970298,42,113.21921402148986,80.24962607394444,101.84886639849503,76.7379477392279,circular,50,0,74.39489929000227,75.1846360295462,101.48401936593726,112.34962607394445,10.500759675449416
s104,Guyacan,32.1,606,1.4,Fairchild,517,0.92,2920,0.00773,10350,Handroanthus,Handroanthus (0.92),0.6047432779569364,squared through origin,861,0.606,52.97029702970298,42,113.21921402148986,80.24962607394444,95.21711602553823,73.17647410490075,triangular,50,0,74.39489929000227,64.6737562967289,90.04488153378047,112.34962607394445,17.132510048406218
s106,Jacaranda,25.5,618,1.7,Fairchild,527,0.35,1160,0.00395,1980,Jacaranda,Jacaranda (0.35),0.4835610669521271,squared through origin,1512,0.618,41.262135922330096,70,121.37906546904662,90.47012618735984,110.38754598848001,86.95307765841123,circular,50,0,90.4773143704883,86.71484485425097,110.50391070373718,115.97012618735984,5.582580198879825
s106,Jacaranda,25.5,618,1.7,Fairchild,527,0.35,1160,0.00395,1980,Jacaranda,Jacaranda (0.35),0.4835610669521271,squared through origin,1512,0.618,41.262135922330096,70,121.37906546904662,90.47012618735984,109.49469176781855,81.49608216552734,triangular,50,0,90.4773143704883,80.19576969726164,107.83511991724328,115.97012618735984,6.475434419541287
s110,Anacardium,32.7,992,1.9,Fairchild_South,523,0.41,1060,0.00502,2460,Anacardium,Anacardium (0.41),0.6301755515360736,squared through origin,1018,0.992,32.96370967741936,33,84.09426796145556,53.85703435758265,79.40036433391955,52.801188533405195,circular,50,0,50.23914979781703,50.14819545603735,76.09324200413255,86.55703435758265,7.1566700236630965
s110,Anacardium,32.7,992,1.9,Fairchild_South,523,0.41,1060,0.00502,2460,Anacardium,Anacardium (0.41),0.6301755515360736,squared through origin,1018,0.992,32.96370967741936,33,84.09426796145556,53.85703435758265,89.52364774620008,59.94380421058804,triangular,50,0,50.23914979781703,56.155726273102886,83.54755457281313,86.55703435758265,-2.966613388617432
s112,Dypterix,34.7,811,3,Fairchild,514,0.85,2690,0.00717,9020,Dypterix,Dypterix (0.85),0.588183158828575,squared through origin,492,0.811,42.78668310727497,54,99.04220577314788,67.58564310610149,93.63357647371284,68.03234928223787,circular,50,0,66.52398071669256,66.72422942443615,92.37893368952186,102.28564310610149,8.652066632388653
s112,Dypterix,34.7,811,3,Fairchild,514,0.85,2690,0.00717,9020,Dypterix,Dypterix (0.85),0.588183158828575,squared through origin,492,0.811,42.78668310727497,54,99.04220577314788,67.58564310610149,95.76079701839822,74.42381545410156,triangular,50,0,66.52398071669256,70.13628202628463,94.85689734947343,102.28564310610149,6.524846087703267
s116,Dypterix,31.2,455,1.8,Fairchild_South,523,0.85,2690,0.00717,9020,Dypterix,Dypterix (0.85),0.31818136702410205,squared through origin,986,0.455,68.57142857142857,30,76.50552190697711,48.86785791660177,77.31713218077094,50.34211425795213,circular,50,0,50.23914979781703,50.14819545603735,76.09324200413255,80.06785791660177,2.7507257358308266
s116,Dypterix,31.2,455,1.8,Fairchild_South,523,0.85,2690,0.00717,9020,Dypterix,Dypterix (0.85),0.31818136702410205,squared through origin,986,0.455,68.57142857142857,30,76.50552190697711,48.86785791660177,83.01987963044242,55.19928470458984,triangular,50,0,50.23914979781703,56.155726273102886,83.54755457281313,80.06785791660177,-2.952021713840651
s118,Virola,23.7,427,1.4,Fairchild_South,530,0.44,1640,0.00341,2390,Virola,Virola (0.44),0.5633780802592447,squared through origin,1240,0.427,55.50351288056206,21,66.47242459383878,38.84592888571999,66.4704680696036,46.42775456176471,circular,50,0,42.07886038012319,48.33507776295613,68.6110170144019,62.54592888571999,-3.92453918388361
s118,Virola,23.7,427,1.4,Fairchild_South,530,0.44,1640,0.00341,2390,Virola,Virola (0.44),0.5633780802592447,squared through origin,1240,0.427,55.50351288056206,21,66.47242459383878,38.84592888571999,78.06900942100668,48.792353141635076,triangular,50,0,42.07886038012319,48.394362697764244,76.27201822711348,62.54592888571999,-15.523080535286695
s120,Anacardium,33,549,1.4,Fairchild_South,523,0.41,1060,0.00502,2460,Anacardium,Anacardium (0.41),1.4687034858740775,squared through origin,805,0.549,60.10928961748633,34,81.51914643078315,52.116873485286064,73.19438869698004,48.86398594441838,circular,50,0,50.23914979781703,50.14819545603735,76.09324200413255,85.11687348528606,11.922484788306022
s120,Anacardium,33,549,1.4,Fairchild_South,523,0.41,1060,0.00502,2460,Anacardium,Anacardium (0.41),1.4687034858740775,squared through origin,805,0.549,60.10928961748633,34,81.51914643078315,52.116873485286064,86.90979539587143,58.24043203859913,triangular,50,0,50.23914979781703,56.155726273102886,83.54755457281313,85.11687348528606,-1.7929219105853633
s122,Dypterix,32.2,895,2.9,Fairchild,517,0.85,2690,0.00717,9020,Dypterix,Dypterix (0.85),0.7574401208370811,squared through origin,800,0.895,35.977653631284916,43,108.47067538325823,78.31416498653769,105.18338068316582,78.54487348309715,circular,50,0,74.39489929000227,75.1846360295462,101.48401936593726,110.5141649865377,5.330784303371871
s122,Dypterix,32.2,895,2.9,Fairchild,517,0.85,2690,0.00717,9020,Dypterix,Dypterix (0.85),0.7574401208370811,squared through origin,800,0.895,35.977653631284916,43,108.47067538325823,78.31416498653769,93.66293497705038,67.45458760375976,triangular,50,0,74.39489929000227,64.6737562967289,90.04488153378047,110.5141649865377,16.85123000948731
s124,Dypterix,30.8,493,2.3,Fairchild_North,522,0.85,2690,0.00717,9020,Dypterix,Dypterix (0.85),0.5670410439183637,squared through origin,1165,0.493,62.47464503042597,8,71.77748480018663,44.32718939283874,58.758269726459986,42.0919873357577,circular,50,0,43.436086725891286,41.954345753913366,59.79606434701499,75.12718939283874,16.36891966637876
s124,Dypterix,30.8,493,2.3,Fairchild_North,522,0.85,2690,0.00717,9020,Dypterix,Dypterix (0.85),0.5670410439183637,squared through origin,1165,0.493,62.47464503042597,8,71.77748480018663,44.32718939283874,55.585385244451494,39.26189551086426,triangular,50,0,43.436086725891286,38.900041711824706,52.25947918127769,75.12718939283874,19.54180414838725
s128,Anacardium,33.3,1032,1.6,Fairchild_South,523,0.41,1060,0.00502,2460,Anacardium,Anacardium (0.41),0.5444372363532496,squared through origin,944,1.032,32.26744186046511,29,81.20416665960241,46.896344343821205,78.62953873806774,50.56363714001165,circular,50,0,50.23914979781703,50.14819545603735,76.09324200413255,80.19634434382121,1.5668056057534727
s128,Anacardium,33.3,1032,1.6,Fairchild_South,523,0.41,1060,0.00502,2460,Anacardium,Anacardium (0.41),0.5444372363532496,squared through origin,944,1.032,32.26744186046511,29,81.20416665960241,46.896344343821205,72.09017720864148,49.92596815185547,triangular,50,0,50.23914979781703,56.155726273102886,83.54755457281313,80.19634434382121,8.106167135179732
s130,Anacardium,37.4,1288,1,Fairchild_North,519,0.41,1060,0.00502,2460,Anacardium,Anacardium (0.41),1.417887128707641,squared through origin,1245,1.288,29.03726708074534,3,91.19777192240176,60.16878439032513,80.95569883841755,57.09650896589164,circular,50,0,55.01479667067257,53.64973467647195,77.30057370959706,97.56878439032513,16.613085551907588
s130,Anacardium,37.4,1288,1,Fairchild_North,519,0.41,1060,0.00502,2460,Anacardium,Anacardium (0.41),1.417887128707641,squared through origin,1245,1.288,29.03726708074534,3,91.19777192240176,60.16878439032513,79.17056655283523,51.842173494825175,triangular,50,0,55.01479667067257,46.651146595345296,68.06487277787744,97.56878439032513,18.39821783748991
s132,Dypterix,33.9,532,2.1,Fairchild,527,0.85,2690,0.00717,9020,Dypterix,Dypterix (0.85),1.0205530901012716,squared through origin,989,0.532,63.72180451127819,67,121.85076163155692,89.18214946928478,110.06078472164594,85.99387574118704,circular,50,0,90.4773143704883,86.71484485425097,110.50391070373718,123.08214946928479,13.021364747638842
s132,Dypterix,33.9,532,2.1,Fairchild,527,0.85,2690,0.00717,9020,Dypterix,Dypterix (0.85),1.0205530901012716,squared through origin,989,0.532,63.72180451127819,67,121.85076163155692,89.18214946928478,106.54001606436516,78.28660670166016,triangular,50,0,90.4773143704883,80.19576969726164,107.83511991724328,123.08214946928479,16.542133404919625
s134,Virola,16.8,220,1.4,Fairchild,517,0.44,1640,0.00341,2390,Virola,Virola (0.44),3.1875317319090217,squared through origin,881,0.22,76.36363636363636,47,94.565093994140625,73.84015943419259,101.41682894338005,75.16596853388232,circular,50,0,74.39489929000227,75.1846360295462,101.48401936593726,90.64015943419258,-10.776669509187471
s134,Virola,16.8,220,1.4,Fairchild,517,0.44,1640,0.00341,2390,Virola,Virola (0.44),3.1875317319090217,squared through origin,881,0.22,76.36363636363636,47,94.565093994140625,73.84015943419259,89.20539786485104,63.538835464788946,triangular,50,0,74.39489929000227,64.6737562967289,90.04488153378047,90.64015943419258,1.4347615693415463
s138,Dypterix,30,700,3,Fausto,512,0.85,2690,0.00717,9020,Dypterix,Dypterix (0.85),0.5026082287184983,squared through origin,679,0.7,42.85714285714286,98,128.1312499642372,98.47630715277408,115.81523069771224,95.4588642943329,circular,50,0,100.7595378839001,96.13998775569965,119.49881031202771,128.4763071527741,12.66107645506186
s138,Dypterix,30,700,3,Fausto,512,0.85,2690,0.00717,9020,Dypterix,Dypterix (0.85),0.5026082287184983,squared through origin,679,0.7,42.85714285714286,98,128.1312499642372,98.47630715277408,106.86516596373276,85.4287462890625,triangular,50,0,100.7595378839001,96.07109548830519,117.07158761634234,128.4763071527741,21.611141189041334
s140,Anacardium,30,953,1.3,Fairchild_North,519,0.41,1060,0.00502,2460,Anacardium,Anacardium (0.41),1.716513089681707,squared through origin,1410,0.953,31.479538300104934,4,92.32201840461941,61.77572803322328,80.78052350670409,55.90563330486104,circular,50,0,55.01479667067257,53.64973467647195,77.30057370959706,91.77572803322329,10.995204526519203
s140,Anacardium,30,953,1.3,Fairchild_North,519,0.41,1060,0.00502,2460,Anacardium,Anacardium (0.41),1.716513089681707,squared through origin,1410,0.953,31.479538300104934,4,92.32201840461941,61.77572803322328,75.77262708573114,51.58751938763787,triangular,50,0,55.01479667067257,46.651146595345296,68.06487277787744,91.77572803322329,16.003100947492143
s146,Dypterix,39.5,1000,2,Fairchild_North,519,0.85,2690,0.00717,9020,Dypterix,Dypterix (0.85),0.6419847372012826,squared through origin,1674,1,39.5,2,87.60505069632076,51.715925429462175,77.56780691980451,53.85127786695748,circular,50,0,55.01479667067257,53.64973467647195,77.30057370959706,91.21592542946217,13.648118509657664
s146,Dypterix,39.5,1000,2,Fairchild_North,519,0.85,2690,0.00717,9020,Dypterix,Dypterix (0.85),0.6419847372012826,squared through origin,1674,1,39.5,2,87.60505069632076,51.715925429462175,67.51345307330696,43.913725396728516,triangular,50,0,55.01479667067257,46.651146595345296,68.06487277787744,91.21592542946217,23.702472356155212
s154,Anacardium,30,965,1.5,Fairchild_North,519,0.41,1060,0.00502,2460,Anacardium,Anacardium (0.41),1.2620215492286335,squared through origin,849,0.965,31.088082901554404,5,76.93056588802698,46.39874882967967,69.89826557346211,47.74551856817764,circular,50,0,55.01479667067257,53.64973467647195,77.30057370959706,76.39874882967968,6.500483256217564
s154,Anacardium,30,965,1.5,Fairchild_North,519,0.41,1060,0.00502,2460,Anacardium,Anacardium (0.41),1.2620215492286335,squared through origin,849,0.965,31.088082901554404,5,76.93056588802698,46.39874882967967,49.80284439963641,39.26116810218961,triangular,50,0,55.01479667067257,46.651146595345296,68.06487277787744,76.39874882967968,26.595904430043262
s158,Dypterix,29.5,450,1.7,Fairchild_North,522,0.85,2690,0.00717,9020,Dypterix,Dypterix (0.85),1.336750664309751,squared through origin,1339,0.45,65.55555555555556,9,73.24490876631303,46.01838615348747,63.89412918098655,43.16082727824129,circular,50,0,43.436086725891286,41.954345753913366,59.79606434701499,75.51838615348747,11.624256972500916
s158,Dypterix,29.5,450,1.7,Fairchild_North,522,0.85,2690,0.00717,9020,Dypterix,Dypterix (0.85),1.336750664309751,squared through origin,1339,0.45,65.55555555555556,9,73.24490876631303,46.01838615348747,61.350396802647396,39.74367249450684,triangular,50,0,43.436086725891286,38.900041711824706,52.25947918127769,75.51838615348747,14.167989350840074
s160,Dypterix,26.1,331,1.6,Fairchild_North,522,0.85,2690,0.00717,9020,Dypterix,Dypterix (0.85),1.8101516702630995,squared through origin,901,0.331,78.85196374622356,10,69.99749984741212,39.962684631347656,56.73579413359844,40.6102226477411,circular,50,0,43.436086725891286,41.954345753913366,59.79606434701499,66.06268463134765,9.326890497749211
s160,Dypterix,26.1,331,1.6,Fairchild_North,522,0.85,2690,0.00717,9020,Dypterix,Dypterix (0.85),1.8101516702630995,squared through origin,901,0.331,78.85196374622356,10,69.99749984741212,39.962684631347656,39.84265549673418,37.694557130103014,triangular,50,0,43.436086725891286,38.900041711824706,52.25947918127769,66.06268463134765,26.22002913461347
s168,Dypterix,26.5,342,1.6,Fairchild_North,516,0.85,2690,0.00717,9020,Dypterix,Dypterix (0.85),2.2228824227187256,squared through origin,1491,0.342,77.48538011695906,12,73.98577494016835,48.32918177859884,73.21004778985933,49.019419792237656,circular,50,0,48.15026450029234,48.11007457525903,71.83431141735332,74.82918177859884,1.619133988739506
s168,Dypterix,26.5,342,1.6,Fairchild_North,516,0.85,2690,0.00717,9020,Dypterix,Dypterix (0.85),2.2228824227187256,squared through origin,1491,0.342,77.48538011695906,12,73.98577494016835,48.32918177859884,62.16058138946989,45.811832110835056,triangular,50,0,48.15026450029234,44.53928238132696,64.41154581939244,74.82918177859884,12.668600389128947
s174,Dypterix,35,764,1.7,Fairchild_North,516,0.85,2690,0.00717,9020,Dypterix,Dypterix (0.85),0.8450537717655882,squared through origin,72,0.764,45.81151832460733,14,80.08558384273715,45.31391760143758,75.72895948850791,48.718621147015305,circular,50,0,48.15026450029234,48.11007457525903,71.83431141735332,80.31391760143758,4.5849581129296695
s174,Dypterix,35,764,1.7,Fairchild_North,516,0.85,2690,0.00717,9020,Dypterix,Dypterix (0.85),0.8450537717655882,squared through origin,72,0.764,45.81151832460733,14,80.08558384273715,45.31391760143758,69.00074957455698,40.50755539874641,triangular,50,0,48.15026450029234,44.53928238132696,64.41154581939244,80.31391760143758,11.313168026880604
s176,Virola,27.1,710,2.5,Fairchild_North,516,0.44,1640,0.00341,2390,Virola,Virola (0.44),2.2964590415016866,squared through origin,402,0.71,38.16901408450705,13,72.70681810379028,50.807694120840594,66.56392697369272,46.59218278652411,circular,50,0,48.15026450029234,48.11007457525903,71.83431141735332,77.9076941208406,11.343767147147886
s176,Virola,27.1,710,2.5,Fairchild_North,516,0.44,1640,0.00341,2390,Virola,Virola (0.44),2.2964590415016866,squared through origin,402,0.71,38.16901408450705,13,72.70681810379028,50.807694120840594,62.073306494150444,47.298459634399414,triangular,50,0,48.15026450029234,44.53928238132696,64.41154581939244,77.9076941208406,15.834387626690159
s182,Dypterix,32.5,740,2.2,Fairchild_South,520,0.85,2690,0.00717,9020,Dypterix,Dypterix (0.85),0.3998652946174009,squared through origin,642,0.74,43.91891891891892,18,75.83240018572126,48.66519408080717,68.73788961047234,49.01906351259571,circular,50,0,54.24930987114554,52.80335389443558,75.4833146892335,81.16519408080717,12.427304470334832
s182,Dypterix,32.5,740,2.2,Fairchild_South,520,0.85,2690,0.00717,9020,Dypterix,Dypterix (0.85),0.3998652946174009,squared through origin,642,0.74,43.91891891891892,18,75.83240018572126,48.66519408080717,68.33277514065739,49.83989703674317,triangular,50,0,54.24930987114554,58.1844643758138,76.21609474632292,81.16519408080717,12.832418940149779
s184,Guyacan,18.9,453,1.6,Fairchild_South,518,0.92,2920,0.00773,10350,Handroanthus,Handroanthus (0.92),0.515673600441503,squared through origin,881,0.453,41.721854304635755,23,75.83798988380624,56.38844763214264,67.4366349501741,50.10199905532871,circular,50,0,55.86320337660135,53.49092563965887,73.14905342720738,75.28844763214263,7.851812681968539
s184,Guyacan,18.9,453,1.6,Fairchild_South,518,0.92,2920,0.00773,10350,Handroanthus,Handroanthus (0.92),0.515673600441503,squared through origin,881,0.453,41.721854304635755,23,75.83798988380624,56.38844763214264,73.47820937311855,59.674472911601164,triangular,50,0,55.86320337660135,60.017428988651616,83.17693736352724,75.28844763214263,1.8102382590240893
s190,Anacardium,30,815,1.6,Fausto,512,0.41,1060,0.00502,2460,Anacardium,Anacardium (0.41),0.582095138098811,squared through origin,336,0.815,36.809815950920246,94,134.68280029296875,102.52152770996094,121.01434376024255,97.20103816890023,circular,50,0,100.7595378839001,96.13998775569965,119.49881031202771,132.52152770996094,11.507183949718382
s190,Anacardium,30,815,1.6,Fausto,512,0.41,1060,0.00502,2460,Anacardium,Anacardium (0.41),0.582095138098811,squared through origin,336,0.815,36.809815950920246,94,134.68280029296875,102.52152770996094,117.54417000336942,97.00446782226562,triangular,50,0,100.7595378839001,96.07109548830519,117.07158761634234,132.52152770996094,14.977357706591519
s192,Anacardium,25.5,608,1.5,Fausto,512,0.41,1060,0.00502,2460,Anacardium,Anacardium (0.41),2.7190191389782408,squared through origin,1190,0.608,41.94078947368421,100,124.36127682949635,100.08612239107173,120.1896628473352,95.49924184036838,circular,50,0,100.7595378839001,96.13998775569965,119.49881031202771,125.58612239107173,5.396459543736526
s192,Anacardium,25.5,608,1.5,Fausto,512,0.41,1060,0.00502,2460,Anacardium,Anacardium (0.41),2.7190191389782408,squared through origin,1190,0.608,41.94078947368421,100,124.36127682949635,100.08612239107173,123.98853123819464,101.69079727172851,triangular,50,0,100.7595378839001,96.07109548830519,117.07158761634234,125.58612239107173,1.5975911528770865
s194,Anacardium,31.3,809,2.05,Fausto,512,0.41,1060,0.00502,2460,Anacardium,Anacardium (0.41),0.6328656132718561,squared through origin,1167,0.809,38.68974042027194,96,134.3079798534663,99.11581320714468,119.69424889187394,95.06257565790452,circular,50,0,100.7595378839001,96.13998775569965,119.49881031202771,130.41581320714468,10.72156431527074
s194,Anacardium,31.3,809,2.05,Fausto,512,0.41,1060,0.00502,2460,Anacardium,Anacardium (0.41),0.6328656132718561,squared through origin,1167,0.809,38.68974042027194,96,134.3079798534663,99.11581320714468,121.85845001244714,100.408588328642,triangular,50,0,100.7595378839001,96.07109548830519,117.07158761634234,130.41581320714468,8.557363194697544
s196,Anacardium,30.9,846,2,Fausto,512,0.41,1060,0.00502,2460,Anacardium,Anacardium (0.41),2.311916605553621,squared through origin,804,0.846,36.52482269503546,95,134.6350606895355,103.59791895854904,120.78056536297466,97.47821881699225,circular,50,0,100.7595378839001,96.13998775569965,119.49881031202771,134.49791895854904,13.71735359557438
s196,Anacardium,30.9,846,2,Fausto,512,0.41,1060,0.00502,2460,Anacardium,Anacardium (0.41),2.311916605553621,squared through origin,804,0.846,36.52482269503546,95,134.6350606895355,103.59791895854904,115.10162086396777,95.82287772982728,triangular,50,0,100.7595378839001,96.07109548830519,117.07158761634234,134.49791895854904,19.39629809458127
s200,Guyacan,24,550,1.6,Fairchild_South,518,0.92,2920,0.00773,10350,Handroanthus,Handroanthus (0.92),0.42581499434011494,squared through origin,976,0.55,43.63636363636363,24,81.9163557796155,57.14190314987958,70.01836999501246,51.163285474243835,circular,50,0,55.86320337660135,53.49092563965887,73.14905342720738,81.14190314987958,11.123533154867118
s200,Guyacan,24,550,1.6,Fairchild_South,518,0.92,2920,0.00773,10350,Handroanthus,Handroanthus (0.92),0.42581499434011494,squared through origin,976,0.55,43.63636363636363,24,81.9163557796155,57.14190314987958,80.40108499565588,57.16773101196289,triangular,50,0,55.86320337660135,60.017428988651616,83.17693736352724,81.14190314987958,0.7408181542237031
s206,Jacaranda,29.1,381,1.4,Fairchild,514,0.35,1160,0.00395,1980,Jacaranda,Jacaranda (0.35),1.784681141112456,squared through origin,445,0.381,76.37795275590551,57,99.57216190647435,70.81231565733214,92.9912729463867,67.79643298661736,circular,50,0,66.52398071669256,66.72422942443615,92.37893368952186,99.91231565733213,6.921042710945429
s206,Jacaranda,29.1,381,1.4,Fairchild,514,0.35,1160,0.00395,1980,Jacaranda,Jacaranda (0.35),1.784681141112456,squared through origin,445,0.381,76.37795275590551,57,99.57216190647435,70.81231565733214,94.54198736196813,71.51383015352137,triangular,50,0,66.52398071669256,70.13628202628463,94.85689734947343,99.91231565733213,5.370328295364004
s210,Anacardium,30,1175,1.4,Fairchild_South,520,0.41,1060,0.00502,2460,Anacardium,Anacardium (0.41),0.4280741003358806,squared through origin,1291,1.175,25.53191489361702,19,86.357475318531,55.63627760481126,80.5694122100904,55.80234826569076,circular,50,0,54.24930987114554,52.80335389443558,75.4833146892335,85.63627760481126,5.06686539472085
s210,Anacardium,30,1175,1.4,Fairchild_South,520,0.41,1060,0.00502,2460,Anacardium,Anacardium (0.41),0.4280741003358806,squared through origin,1291,1.175,25.53191489361702,19,86.357475318531,55.63627760481126,83.23254222056603,64.35304149780274,triangular,50,0,54.24930987114554,58.1844643758138,76.21609474632292,85.63627760481126,2.4037353842452234
s212,Anacardium,37.5,1214,1.7,Fairchild,526,0.41,1060,0.00502,2460,Anacardium,Anacardium (0.41),0.5194647908441316,squared through origin,1747,1.214,30.889621087314666,38,112.10668831366998,79.9247807094029,101.7311254099261,76.45536810005291,circular,50,0,78.91292805877988,75.28157367550418,100.75332092203904,117.4247807094029,15.693655299476802
s212,Anacardium,37.5,1214,1.7,Fairchild,526,0.41,1060,0.00502,2460,Anacardium,Anacardium (0.41),0.5194647908441316,squared through origin,1747,1.214,30.889621087314666,38,112.10668831366998,79.9247807094029,100.70437957421602,76.51842498168945,triangular,50,0,78.91292805877988,77.0626319305901,102.63170032859551,117.4247807094029,16.720401135186876
s214,Anacardium,26.1,919,1.4,Fairchild,514,0.41,1060,0.00502,2460,Anacardium,Anacardium (0.41),1.3984102337958042,squared through origin,350,0.919,28.400435255712733,64,88.83797250914684,63.385199709422025,91.45779371045128,65.29735496757098,circular,50,0,66.52398071669256,66.72422942443615,92.37893368952186,89.48519970942203,-1.9725940010292504
s214,Anacardium,26.1,919,1.4,Fairchild,514,0.41,1060,0.00502,2460,Anacardium,Anacardium (0.41),1.3984102337958042,squared through origin,350,0.919,28.400435255712733,64,88.83797250914684,63.385199709422025,93.50966145673137,65.96051914289886,triangular,50,0,66.52398071669256,70.13628202628463,94.85689734947343,89.48519970942203,-4.024461747309331
s216,Anacardium,29.9,785,1.6,Fairchild_South,523,0.41,1060,0.00502,2460,Anacardium,Anacardium (0.41),1.1774498873437311,squared through origin,937,0.785,38.08917197452229,31,72.82606938533011,46.69316018240792,76.10518579380036,48.898051391834244,circular,50,0,50.23914979781703,50.14819545603735,76.09324200413255,76.59316018240793,0.4879743886075687
s216,Anacardium,29.9,785,1.6,Fairchild_South,523,0.41,1060,0.00502,2460,Anacardium,Anacardium (0.41),1.1774498873437311,squared through origin,937,0.785,38.08917197452229,31,72.82606938533011,46.69316018240792,79.94499607821508,53.16015704585057,triangular,50,0,50.23914979781703,56.155726273102886,83.54755457281313,76.59316018240793,-3.351835895807156
s218,Dypterix,35.2,1029,2.1,Fairchild,526,0.85,2690,0.00717,9020,Dypterix,Dypterix (0.85),0.6663778906113945,squared through origin,724,1.029,34.207968901846456,39,103.73360790177888,72.65985197179458,93.02171609666955,67.46636947392939,circular,50,0,78.91292805877988,75.28157367550418,100.75332092203904,107.85985197179458,14.838135875125033
s218,Dypterix,35.2,1029,2.1,Fairchild,526,0.85,2690,0.00717,9020,Dypterix,Dypterix (0.85),0.6663778906113945,squared through origin,724,1.029,34.207968901846456,39,103.73360790177888,72.65985197179458,96.7826834716305,70.68717791748047,triangular,50,0,78.91292805877988,77.0626319305901,102.63170032859551,107.85985197179458,11.077168500164078
s222,Virola,36,458,2.8,West,510,0.44,1640,0.00341,2390,Virola,Virola (0.44),4.306497834636994,squared through origin,1509,0.458,78.60262008733625,90,165.52658527653392,132.38838344667016,160.91529376377306,134.11358233287675,circular,50,0,133.15339972255157,132.51571662884913,157.45606051182807,168.38838344667016,7.473089682897097
s222,Virola,36,458,2.8,West,510,0.44,1640,0.00341,2390,Virola,Virola (0.44),4.306497834636994,squared through origin,1509,0.458,78.60262008733625,90,165.52658527653392,132.38838344667016,162.05650080991595,137.12529428710937,triangular,50,0,133.15339972255157,137.2467890330595,164.63126053370678,168.38838344667016,6.331882636754216
s224,Dypterix,36.9,657,2.8,Fairchild_South,523,0.85,2690,0.00717,9020,Dypterix,Dypterix (0.85),0.21284855368270916,squared through origin,722,0.657,56.16438356164383,32,89.64850011972281,55.955132029606744,78.94213123183393,52.733131610277006,circular,50,0,50.23914979781703,50.14819545603735,76.09324200413255,92.85513202960675,13.913000797772824
s224,Dypterix,36.9,657,2.8,Fairchild_South,523,0.85,2690,0.00717,9020,Dypterix,Dypterix (0.85),0.21284855368270916,squared through origin,722,0.657,56.16438356164383,32,89.64850011972281,55.955132029606744,90.7872893724235,61.311527127075195,triangular,50,0,50.23914979781703,56.155726273102886,83.54755457281313,92.85513202960675,2.067842657183249
s226,Virola,20.2,231,1.2,West,525,0.44,1640,0.00341,2390,Virola,Virola (0.44),3.7231569396926862,squared through origin,1146,0.231,87.44588744588744,74,159.12470469755286,128.87789916992188,155.71939410617736,128.7805613367504,circular,50,0,127.06909645423437,127.9223711265037,155.15139052702548,149.07789916992186,-6.641494936255498
s226,Virola,20.2,231,1.2,West,525,0.44,1640,0.00341,2390,Virola,Virola (0.44),3.7231569396926862,squared through origin,1146,0.231,87.44588744588744,74,159.12470469755286,128.87789916992188,154.88452379784508,127.86328373413086,triangular,50,0,127.06909645423437,126.63829849139363,156.62633381087136,149.07789916992186,-5.806624627923213
s230,Anacardium,33.1,780,1.5,Fairchild,517,0.41,1060,0.00502,2460,Anacardium,Anacardium (0.41),1.3064651879540292,squared through origin,1206,0.78,42.43589743589744,46,107.19238547228892,74.83158447545603,104.18812537275528,76.90436397972917,circular,50,0,74.39489929000227,75.1846360295462,101.48401936593726,107.93158447545602,3.74345910270074
s230,Anacardium,33.1,780,1.5,Fairchild,517,0.41,1060,0.00502,2460,Anacardium,Anacardium (0.41),1.3064651879540292,squared through origin,1206,0.78,42.43589743589744,46,107.19238547228892,74.83158447545603,96.40791640548886,63.39941592945772,triangular,50,0,74.39489929000227,64.6737562967289,90.04488153378047,107.93158447545602,11.523668069967158
s234,Virola,29.5,628,1.6,West,510,0.44,1640,0.00341,2390,Virola,Virola (0.44),0.908531876603536,squared through origin,1195,0.628,46.97452229299363,92,162.16739717248367,134.64851243528602,154.6173169911229,131.3915247599284,circular,50,0,133.15339972255157,132.51571662884913,157.45606051182807,164.14851243528602,9.531195444163131
s234,Virola,29.5,628,1.6,West,510,0.44,1640,0.00341,2390,Virola,Virola (0.44),0.908531876603536,squared through origin,1195,0.628,46.97452229299363,92,162.16739717248367,134.64851243528602,165.6162437722448,137.64427292767692,triangular,50,0,133.15339972255157,137.2467890330595,164.63126053370678,164.14851243528602,-1.4677313369587637
s236,Virola,23.3,410,1.3,Fairchild_South,530,0.44,1640,0.00341,2390,Virola,Virola (0.44),1.635213606963315,squared through origin,321,0.41,56.82926829268293,22,80.6963392666408,46.111391237803865,69.37550826625393,49.77552017361843,circular,50,0,42.07886038012319,48.33507776295613,68.6110170144019,69.41139123780387,0.03588297154993825
s236,Virola,23.3,410,1.3,Fairchild_South,530,0.44,1640,0.00341,2390,Virola,Virola (0.44),1.635213606963315,squared through origin,321,0.41,56.82926829268293,22,80.6963392666408,46.111391237803865,70.2295104435512,44.56316781921387,triangular,50,0,42.07886038012319,48.394362697764244,76.27201822711348,69.41139123780387,-0.8181192057473368
s240,Dypterix,32.4,740,1.9,Fairchild_South,520,0.85,2690,0.00717,9020,Dypterix,Dypterix (0.85),0.6736338584634027,squared through origin,948,0.74,43.78378378378378,17,83.74728018372923,58.446457927818194,77.14264224713773,53.588649905020276,circular,50,0,54.24930987114554,52.80335389443558,75.4833146892335,90.8464579278182,13.703815680680464
s240,Dypterix,32.4,740,1.9,Fairchild_South,520,0.85,2690,0.00717,9020,Dypterix,Dypterix (0.85),0.6736338584634027,squared through origin,948,0.74,43.78378378378378,17,83.74728018372923,58.446457927818194,77.08296687774535,60.36045459289551,triangular,50,0,54.24930987114554,58.1844643758138,76.21609474632292,90.8464579278182,13.763491050072844
s244,Dypterix,39.9,1092,3.1,West,531,0.85,2690,0.00717,9020,Dypterix,Dypterix (0.85),0.5725135310547174,squared through origin,1508,1.092,36.53846153846153,78,172.7873900934314,139.11195540191434,158.4762830009754,137.75379720858143,circular,50,0,138.31115487291066,136.81853535070027,157.9836038726239,179.01195540191435,20.53567240093895
s244,Dypterix,39.9,1092,3.1,West,531,0.85,2690,0.00717,9020,Dypterix,Dypterix (0.85),0.5725135310547174,squared through origin,1508,1.092,36.53846153846153,78,172.7873900934314,139.11195540191434,158.15294836545752,138.43952419981665,triangular,50,0,138.31115487291066,137.4161767820735,159.9220196000421,179.01195540191435,20.85900703645683
s248,Dypterix,42.2,1044,2.8,West,521,0.85,2690,0.00717,9020,Dypterix,Dypterix (0.85),0.4086467821184985,squared through origin,665,1.044,40.42145593869732,1,175.69727128275323,137.9343335930838,163.3494213169398,136.46017438877922,circular,50,0,138.80960454068253,137.8318843981412,164.26899707282604,180.1343335930838,16.784912276143984
s248,Dypterix,42.2,1044,2.8,West,521,0.85,2690,0.00717,9020,Dypterix,Dypterix (0.85),0.4086467821184985,squared through origin,665,1.044,40.42145593869732,1,175.69727128275323,137.9343335930838,165.122584298564,139.57514178466798,triangular,50,0,138.80960454068253,140.02062651367189,166.61574761551043,180.1343335930838,15.011749294519802
s250,Virola,30.5,832,2.8,Fairchild,527,0.44,1640,0.00341,2390,Virola,Virola (0.44),2.0291321452432585,squared through origin,1089,0.832,36.65865384615385,71,115.50082752622407,85.77537113058156,107.53813887446923,83.26549831104414,circular,50,0,90.4773143704883,86.71484485425097,110.50391070373718,116.27537113058156,8.737232256112335
s250,Virola,30.5,832,2.8,Fairchild,527,0.44,1640,0.00341,2390,Virola,Virola (0.44),2.0291321452432585,squared through origin,1089,0.832,36.65865384615385,71,115.50082752622407,85.77537113058156,102.35819193725585,78.13941037597657,triangular,50,0,90.4773143704883,80.19576969726164,107.83511991724328,116.27537113058156,13.917179193325708
s252,Anacardium,37.2,1019,1.6,West,510,0.41,1060,0.00502,2460,Anacardium,Anacardium (0.41),1.1941273572709958,squared through origin,437,1.019,36.5063788027478,91,162.36128536212408,127.18086182884288,153.6078956763833,128.3256657081837,circular,50,0,133.15339972255157,132.51571662884913,157.45606051182807,164.38086182884288,10.772966152459588
s252,Anacardium,37.2,1019,1.6,West,510,0.41,1060,0.00502,2460,Anacardium,Anacardium (0.41),1.1941273572709958,squared through origin,437,1.019,36.5063788027478,91,162.36128536212408,127.18086182884288,161.98471223246497,133.94750816794001,triangular,50,0,133.15339972255157,137.2467890330595,164.63126053370678,164.38086182884288,2.39614959637791
s254,Jacaranda,32.9,710,1.5,West,524,0.35,1160,0.00395,1980,Jacaranda,Jacaranda (0.35),3.488751936922355,squared through origin,860,0.71,46.33802816901409,79,158.0847124121655,126.68983472551618,153.80930256058593,126.76196544203954,circular,50,0,120.22697565385111,121.4416059679281,149.40922829748516,159.58983472551617,5.780532164930236
s254,Jacaranda,32.9,710,1.5,West,524,0.35,1160,0.00395,1980,Jacaranda,Jacaranda (0.35),3.488751936922355,squared through origin,860,0.71,46.33802816901409,79,158.0847124121655,126.68983472551618,151.18757741044206,123.84869885253906,triangular,50,0,120.22697565385111,119.3728442840451,149.21507241080718,159.58983472551617,8.40225731507411
s256,Dypterix,29.1,503,1.6,West,521,0.85,2690,0.00717,9020,Dypterix,Dypterix (0.85),0.32811355487982874,squared through origin,536,0.503,57.85288270377734,89,171.5300064086914,139.68487548828125,165.18857282871224,139.20359440750318,circular,50,0,138.80960454068253,137.8318843981412,164.26899707282604,168.78487548828124,3.5963026595690053
s256,Dypterix,29.1,503,1.6,West,521,0.85,2690,0.00717,9020,Dypterix,Dypterix (0.85),0.32811355487982874,squared through origin,536,0.503,57.85288270377734,89,171.5300064086914,139.68487548828125,168.1089109324569,140.4661112426758,triangular,50,0,138.80960454068253,140.02062651367189,166.61574761551043,168.78487548828124,0.6759645558243506
s260,Dypterix,34.5,906,3.3,West,531,0.85,2690,0.00717,9020,Dypterix,Dypterix (0.85),1.0043271621747318,squared through origin,1436,0.906,38.079470198675494,76,168.75184032818885,137.5341523103506,157.48527299034157,135.0748834028825,circular,50,0,138.31115487291066,136.81853535070027,157.9836038726239,172.0341523103506,14.548879320009036
s260,Dypterix,34.5,906,3.3,West,531,0.85,2690,0.00717,9020,Dypterix,Dypterix (0.85),1.0043271621747318,squared through origin,1436,0.906,38.079470198675494,76,168.75184032818885,137.5341523103506,158.8080363786792,135.5530731679879,triangular,50,0,138.31115487291066,137.4161767820735,159.9220196000421,172.0341523103506,13.226115931671416
s262,Virola,41,779,3.4,West,524,0.44,1640,0.00341,2390,Virola,Virola (0.44),2.7493846620480964,squared through origin,1036,0.779,52.63157894736842,81,157.4289372444153,119.0724106311798,149.7427644305298,121.61291562684784,circular,50,0,120.22697565385111,121.4416059679281,149.40922829748516,160.07241063117982,10.329646200650018
s262,Virola,41,779,3.4,West,524,0.44,1640,0.00341,2390,Virola,Virola (0.44),2.7493846620480964,squared through origin,1036,0.779,52.63157894736842,81,157.4289372444153,119.0724106311798,149.79514397515192,118.8370280007755,triangular,50,0,120.22697565385111,119.3728442840451,149.21507241080718,160.07241063117982,10.277266656027905
s266,Jacaranda,19.7,265,1.5,West,531,0.35,1160,0.00395,1980,Jacaranda,Jacaranda (0.35),2.1137051018006927,squared through origin,1009,0.265,74.33962264150942,77,152.62638897365994,138.287356906467,157.9892556265547,137.62692544063688,circular,50,0,138.31115487291066,136.81853535070027,157.9836038726239,157.987356906467,-0.0018987200876949828
s266,Jacaranda,19.7,265,1.5,West,531,0.35,1160,0.00395,1980,Jacaranda,Jacaranda (0.35),2.1137051018006927,squared through origin,1009,0.265,74.33962264150942,77,152.62638897365994,138.287356906467,162.8050740559896,138.25593297841598,triangular,50,0,138.31115487291066,137.4161767820735,159.9220196000421,157.987356906467,-4.8177171495225934
s268,Anacardium,23.9,538,1.5,Fairchild,514,0.41,1060,0.00502,2460,Anacardium,Anacardium (0.41),1.194965903897938,squared through origin,132,0.538,44.42379182156133,65,87.90041264799453,64.3127643939146,91.43309162753661,65.77078046131834,circular,50,0,66.52398071669256,66.72422942443615,92.37893368952186,88.2127643939146,-3.2203272336220152
s268,Anacardium,23.9,538,1.5,Fairchild,514,0.41,1060,0.00502,2460,Anacardium,Anacardium (0.41),1.194965903897938,squared through origin,132,0.538,44.42379182156133,65,87.90041264799453,64.3127643939146,95.61514356079603,68.64696335461674,triangular,50,0,66.52398071669256,70.13628202628463,94.85689734947343,88.2127643939146,-7.402379166881431
s272,Jacaranda,32,647,1.4,West,524,0.35,1160,0.00395,1980,Jacaranda,Jacaranda (0.35),0.9928137895105464,squared through origin,1392,0.647,49.459041731066456,83,154.7837138584682,119.82113876342774,150.81951188174162,123.3819928136393,circular,50,0,120.22697565385111,121.4416059679281,149.40922829748516,151.82113876342774,1.0016268816861214
s272,Jacaranda,32,647,1.4,West,524,0.35,1160,0.00395,1980,Jacaranda,Jacaranda (0.35),0.9928137895105464,squared through origin,1392,0.647,49.459041731066456,83,154.7837138584682,119.82113876342774,150.68410908860827,119.91534408569336,triangular,50,0,120.22697565385111,119.3728442840451,149.21507241080718,151.82113876342774,1.1370296748194733
s274,Jacaranda,29.9,390,1.3,Fairchild,528,0.35,1160,0.00395,1980,Jacaranda,Jacaranda (0.35),6.853921187009109,squared through origin,1022,0.39,76.66666666666666,60,101.68074007387514,72.34249001962168,93.98359096838468,68.24388784334089,circular,50,0,71.75902585630064,68.20715133046971,93.79435619362422,102.24249001962167,8.258899051236995
s274,Jacaranda,29.9,390,1.3,Fairchild,528,0.35,1160,0.00395,1980,Jacaranda,Jacaranda (0.35),6.853921187009109,squared through origin,1022,0.39,76.66666666666666,60,101.68074007387514,72.34249001962168,96.46886787774427,69.08906545601639,triangular,50,0,71.75902585630064,70.05478721566018,95.72074268785755,102.24249001962167,5.7736221418773965
s276,Jacaranda,23.3,250,1.3,Fairchild,528,0.35,1160,0.00395,1980,Jacaranda,Jacaranda (0.35),2.925939887261596,squared through origin,341,0.25,93.2,61,104.41500091552734,71.95227432250977,93.75613121956017,68.28584751401111,circular,50,0,71.75902585630064,68.20715133046971,93.79435619362422,95.25227432250976,1.4961431029495884
s276,Jacaranda,23.3,250,1.3,Fairchild,528,0.35,1160,0.00395,1980,Jacaranda,Jacaranda (0.35),2.925939887261596,squared through origin,341,0.25,93.2,61,104.41500091552734,71.95227432250977,95.88753214526406,69.5980971496582,triangular,50,0,71.75902585630064,70.05478721566018,95.72074268785755,95.25227432250976,-0.6352578227542978
s278,Jacaranda,25.1,246,1.3,Fairchild,528,0.35,1160,0.00395,1980,Jacaranda,Jacaranda (0.35),1.9341172596253264,squared through origin,1588,0.246,102.03252032520328,58,104.98999786376953,71.61357879638672,93.65729979685955,68.04407151067068,circular,50,0,71.75902585630064,68.20715133046971,93.79435619362422,96.71357879638671,3.0562789995271658
s278,Jacaranda,25.1,246,1.3,Fairchild,528,0.35,1160,0.00395,1980,Jacaranda,Jacaranda (0.35),1.9341172596253264,squared through origin,1588,0.246,102.03252032520328,58,104.98999786376953,71.61357879638672,95.44033631973329,70.04784874118104,triangular,50,0,71.75902585630064,70.05478721566018,95.72074268785755,96.71357879638671,1.2732424766534223
s280,Dypterix,38.6,882,2.8,West,524,0.85,2690,0.00717,9020,Dypterix,Dypterix (0.85),0.9228447539723784,squared through origin,818,0.882,43.76417233560091,85,151.2489481007481,117.12489411580628,146.0448392945586,117.46953115488303,circular,50,0,120.22697565385111,121.4416059679281,149.40922829748516,155.72489411580628,9.680054821247666
s280,Dypterix,38.6,882,2.8,West,524,0.85,2690,0.00717,9020,Dypterix,Dypterix (0.85),0.9228447539723784,squared through origin,818,0.882,43.76417233560091,85,151.2489481007481,117.12489411580628,147.00069194250497,116.56092785405178,triangular,50,0,120.22697565385111,119.3728442840451,149.21507241080718,155.72489411580628,8.724202173301308
s282,Jacaranda,29.5,709,1.6,West,510,0.35,1160,0.00395,1980,Jacaranda,Jacaranda (0.35),1.4259077055218898,squared through origin,849,0.709,41.607898448519045,93,165.6850224653167,138.39584117940723,160.6837356160331,136.23209371440774,circular,50,0,133.15339972255157,132.51571662884913,157.45606051182807,167.89584117940723,7.212105563374138
s282,Jacaranda,29.5,709,1.6,West,510,0.35,1160,0.00395,1980,Jacaranda,Jacaranda (0.35),1.4259077055218898,squared through origin,849,0.709,41.607898448519045,93,165.6850224653167,138.39584117940723,168.86758532020136,140.27008074951172,triangular,50,0,133.15339972255157,137.2467890330595,164.63126053370678,167.89584117940723,-0.9717441407941294
s284,Jacaranda,25.9,260,1.3,Fairchild,528,0.35,1160,0.00395,1980,Jacaranda,Jacaranda (0.35),6.030609351773557,squared through origin,1864,0.26,99.6153846153846,62,102.24000040690105,72.09921518961589,94.09589803479304,68.30815835358246,circular,50,0,71.75902585630064,68.20715133046971,93.79435619362422,97.99921518961588,3.903317154822844
s284,Jacaranda,25.9,260,1.3,Fairchild,528,0.35,1160,0.00395,1980,Jacaranda,Jacaranda (0.35),6.030609351773557,squared through origin,1864,0.26,99.6153846153846,62,102.24000040690105,72.09921518961589,96.73012825997237,69.2460919921875,triangular,50,0,71.75902585630064,70.05478721566018,95.72074268785755,97.99921518961588,1.2690869296435068
s286,Dypterix,38.2,754,2.6,West,524,0.85,2690,0.00717,9020,Dypterix,Dypterix (0.85),0.6815895775820305,squared through origin,1005,0.754,50.6631299734748,84,150.0258748775268,116.73922523020124,146.32703100860252,117.44530467620037,circular,50,0,120.22697565385111,121.4416059679281,149.40922829748516,154.93922523020126,8.612194221598742
s286,Dypterix,38.2,754,2.6,West,524,0.85,2690,0.00717,9020,Dypterix,Dypterix (0.85),0.6815895775820305,squared through origin,1005,0.754,50.6631299734748,84,150.0258748775268,116.73922523020124,146.80646450427636,117.4786313115334,triangular,50,0,120.22697565385111,119.3728442840451,149.21507241080718,154.93922523020126,8.132760725924896
s288,Jacaranda,24.8,464,1.6,West,524,0.35,1160,0.00395,1980,Jacaranda,Jacaranda (0.35),2.9639925840347146,squared through origin,1090,0.464,53.44827586206896,80,155.6752727161754,125.70789226185192,153.21077563349738,126.21902116307672,circular,50,0,120.22697565385111,121.4416059679281,149.40922829748516,150.50789226185194,-2.7028833716454415
s288,Jacaranda,24.8,464,1.6,West,524,0.35,1160,0.00395,1980,Jacaranda,Jacaranda (0.35),2.9639925840347146,squared through origin,1090,0.464,53.44827586206896,80,155.6752727161754,125.70789226185192,153.96733339097764,123.29739956724877,triangular,50,0,120.22697565385111,119.3728442840451,149.21507241080718,150.50789226185194,-3.4594411291257074
s290,Guyacan,26.1,423,1.3,Fairchild,527,0.92,2920,0.00773,10350,Handroanthus,Handroanthus (0.92),0.7698702660870389,squared through origin,196,0.423,61.70212765957447,72,123.65572644095136,99.12345716688368,114.86096003653697,92.69771262985051,circular,50,0,90.4773143704883,86.71484485425097,110.50391070373718,125.22345716688369,10.362497130346725
s290,Guyacan,26.1,423,1.3,Fairchild,527,0.92,2920,0.00773,10350,Handroanthus,Handroanthus (0.92),0.7698702660870389,squared through origin,196,0.423,61.70212765957447,72,123.65572644095136,99.12345716688368,115.49385216551006,87.60195153928271,triangular,50,0,90.4773143704883,80.19576969726164,107.83511991724328,125.22345716688369,9.729605001373628
s292,Anacardium,37.3,1291,1.5,Fairchild,526,0.41,1060,0.00502,2460,Anacardium,Anacardium (0.41),0.6184400109789554,squared through origin,1774,1.291,28.892331525948876,36,112.8491326921937,76.90698171626626,100.93001237580995,75.57485970776236,circular,50,0,78.91292805877988,75.28157367550418,100.75332092203904,114.20698171626626,13.276969340456304
s292,Anacardium,37.3,1291,1.5,Fairchild,526,0.41,1060,0.00502,2460,Anacardium,Anacardium (0.41),0.6184400109789554,squared through origin,1774,1.291,28.892331525948876,36,112.8491326921937,76.90698171626626,102.516221555124,77.02408020019531,triangular,50,0,78.91292805877988,77.0626319305901,102.63170032859551,114.20698171626626,11.69076016114225
s294,Jacaranda,14.5,120,1.4,Fairchild,528,0.35,1160,0.00395,1980,Jacaranda,Jacaranda (0.35),2.0886045581133676,squared through origin,1573,0.12,120.83333333333334,56,97.2300033569336,70.78757095336914,93.4788609485237,68.15379143074345,circular,50,0,71.75902585630064,68.20715133046971,93.79435619362422,85.28757095336914,-8.191289995154563
s294,Jacaranda,14.5,120,1.4,Fairchild,528,0.35,1160,0.00395,1980,Jacaranda,Jacaranda (0.35),2.0886045581133676,squared through origin,1573,0.12,120.83333333333334,56,97.2300033569336,70.78757095336914,94.07684883657376,72.29283273925782,triangular,50,0,71.75902585630064,70.05478721566018,95.72074268785755,85.28757095336914,-8.789277883204619
s306,Virola,39.2,935,2.4,West,525,0.44,1640,0.00341,2390,Virola,Virola (0.44),2.4596141649891545,squared through origin,1332,0.935,41.925133689839576,73,164.85358094246158,132.2158293939406,157.17721230911258,132.40535333719055,circular,50,0,127.06909645423437,127.9223711265037,155.15139052702548,171.4158293939406,14.238617084828036
s306,Virola,39.2,935,2.4,West,525,0.44,1640,0.00341,2390,Virola,Virola (0.44),2.4596141649891545,squared through origin,1332,0.935,41.925133689839576,73,164.85358094246158,132.2158293939406,161.52979215778913,130.58059463189574,triangular,50,0,127.06909645423437,126.63829849139363,156.62633381087136,171.4158293939406,9.88603723615148
s308,Virola,30,425,1.9,West,525,0.44,1640,0.00341,2390,Virola,Virola (0.44),3.6840641395398817,squared through origin,1366,0.425,70.58823529411765,75,158.4218420731394,120.11356079884065,152.5575651657865,122.58119870557017,circular,50,0,127.06909645423437,127.9223711265037,155.15139052702548,150.11356079884064,-2.444004366945876
s308,Virola,30,425,1.9,West,525,0.44,1640,0.00341,2390,Virola,Virola (0.44),3.6840641395398817,squared through origin,1366,0.425,70.58823529411765,75,158.4218420731394,120.11356079884065,153.4646854769799,121.4710171081543,triangular,50,0,127.06909645423437,126.63829849139363,156.62633381087136,150.11356079884064,-3.351124678139257
s312,Virola,40.5,1135,3.1,West,524,0.44,1640,0.00341,2390,Virola,Virola (0.44),3.5436120074224644,squared through origin,736,1.135,35.68281938325991,82,157.05953261711144,119.17204874104057,149.6973030770287,121.4046286826305,circular,50,0,120.22697565385111,121.4416059679281,149.40922829748516,159.67204874104056,9.974745664011863
s312,Virola,40.5,1135,3.1,West,524,0.44,1640,0.00341,2390,Virola,Virola (0.44),3.5436120074224644,squared through origin,736,1.135,35.68281938325991,82,157.05953261711144,119.17204874104057,149.23698587834983,118.91070377197265,triangular,50,0,120.22697565385111,119.3728442840451,149.21507241080718,159.67204874104056,10.435062862690728
s318,Virola,37,822,2.8,West,524,0.44,1640,0.00341,2390,Virola,Virola (0.44),3.0380430278085493,squared through origin,1085,0.822,45.01216545012166,86,139.02150756593736,117.48836076178519,145.62229849333664,117.23748818410749,circular,50,0,120.22697565385111,121.4416059679281,149.40922829748516,154.4883607617852,8.866062268448559
s318,Virola,37,822,2.8,West,524,0.44,1640,0.00341,2390,Virola,Virola (0.44),3.0380430278085493,squared through origin,1085,0.822,45.01216545012166,86,139.02150756593736,117.48836076178519,145.04227309614632,116.13402082854626,triangular,50,0,120.22697565385111,119.3728442840451,149.21507241080718,154.4883607617852,9.446087665638885
s320,Virola,40,1023,1.2,Fairchild,526,0.44,1640,0.00341,2390,Virola,Virola (0.44),2.8235840473970777,squared through origin,1756,1.023,39.100684261974585,37,108.90965542848083,82.52086154619853,102.65076954705502,77.32604010944384,circular,50,0,78.91292805877988,75.28157367550418,100.75332092203904,122.52086154619853,19.87009199914351
s320,Virola,40,1023,1.2,Fairchild,526,0.44,1640,0.00341,2390,Virola,Virola (0.44),2.8235840473970777,squared through origin,1756,1.023,39.100684261974585,37,108.90965542848083,82.52086154619853,104.8114230497828,79.20162604238473,triangular,50,0,78.91292805877988,77.0626319305901,102.63170032859551,122.52086154619853,17.70943849641573
s324,Anacardium,29.9,908,1.6,Fairchild,529,0.41,1060,0.00502,2460,Anacardium,Anacardium (0.41),1.873879869826612,squared through origin,1128,0.908,32.9295154185022,49,119.09466682716652,91.06989429615162,114.39967896637316,88.23663569720796,circular,50,0,95.55077453576368,91.51472157343161,117.15694466316256,120.96989429615161,6.570215329778449
s324,Anacardium,29.9,908,1.6,Fairchild,529,0.41,1060,0.00502,2460,Anacardium,Anacardium (0.41),1.873879869826612,squared through origin,1128,0.908,32.9295154185022,49,119.09466682716652,91.06989429615162,110.48034423021817,78.7032037902832,triangular,50,0,95.55077453576368,84.15213934803657,113.9487199336024,120.96989429615161,10.489550065933443
s326,Virola,29.5,855,1.7,Fairchild,529,0.44,1640,0.00341,2390,Virola,Virola (0.44),1.340452968523702,squared through origin,1312,0.855,34.50292397660819,50,119.73779872678361,89.79263348849315,113.73190010704342,87.00049328279025,circular,50,0,95.55077453576368,91.51472157343161,117.15694466316256,119.29263348849315,5.560733381449737
s326,Virola,29.5,855,1.7,Fairchild,529,0.44,1640,0.00341,2390,Virola,Virola (0.44),1.340452968523702,squared through origin,1312,0.855,34.50292397660819,50,119.73779872678361,89.79263348849315,111.17526965671115,78.50662218366351,triangular,50,0,95.55077453576368,84.15213934803657,113.9487199336024,119.29263348849315,8.117363831782
s328,Virola,22.3,610,1.3,Fairchild,529,0.44,1640,0.00341,2390,Virola,Virola (0.44),1.3392618588504388,squared through origin,712,0.61,36.55737704918033,51,117.01456550929858,94.48200814620309,116.34028733862117,89.93985458447693,circular,50,0,95.55077453576368,91.51472157343161,117.15694466316256,116.78200814620308,0.4417208075819161
s328,Virola,22.3,610,1.3,Fairchild,529,0.44,1640,0.00341,2390,Virola,Virola (0.44),1.3392618588504388,squared through origin,712,0.61,36.55737704918033,51,117.01456550929858,94.48200814620309,114.07060042565303,82.23282897338868,triangular,50,0,95.55077453576368,84.15213934803657,113.9487199336024,116.78200814620308,2.7114077205500564
s330,Guyacan,27,740,1.3,Fairchild,529,0.92,2920,0.00773,10350,Handroanthus,Handroanthus (0.92),0.3740684839157528,squared through origin,1259,0.74,36.48648648648648,52,129.79311320323816,102.98902382755911,121.83713922076467,97.86752997005686,circular,50,0,95.55077453576368,91.51472157343161,117.15694466316256,129.9890238275591,8.151884606794425
s330,Guyacan,27,740,1.3,Fairchild,529,0.92,2920,0.00773,10350,Handroanthus,Handroanthus (0.92),0.3740684839157528,squared through origin,1259,0.74,36.48648648648648,52,129.79311320323816,102.98902382755911,117.86150580498278,93.0835916199976,triangular,50,0,95.55077453576368,84.15213934803657,113.9487199336024,129.9890238275591,12.12751802257631
s332,Guyacan,31.3,722,1.3,Fairchild,529,0.92,2920,0.00773,10350,Handroanthus,Handroanthus (0.92),0.6253608019072203,squared through origin,356,0.722,43.35180055401662,53,129.06224933302545,100.12508692607344,120.01624302268952,95.28956481220928,circular,50,0,95.55077453576368,91.51472157343161,117.15694466316256,131.42508692607345,11.408843903383925
s332,Guyacan,31.3,722,1.3,Fairchild,529,0.92,2920,0.00773,10350,Handroanthus,Handroanthus (0.92),0.6253608019072203,squared through origin,356,0.722,43.35180055401662,53,129.06224933302545,100.12508692607344,116.08570970108534,89.62677290039062,triangular,50,0,95.55077453576368,84.15213934803657,113.9487199336024,131.42508692607345,15.339377224988112
s334,Guyacan,30.3,487,1.6,Fairchild,529,0.92,2920,0.00773,10350,Handroanthus,Handroanthus (0.92),1.0253631334259523,squared through origin,1119,0.487,62.217659137577,48,123.09814778080693,94.84600053010163,116.61641932348343,90.75425109384845,circular,50,0,95.55077453576368,91.51472157343161,117.15694466316256,125.14600053010163,8.529581206618204
s334,Guyacan,30.3,487,1.6,Fairchild,529,0.92,2920,0.00773,10350,Handroanthus,Handroanthus (0.92),1.0253631334259523,squared through origin,1119,0.487,62.217659137577,48,123.09814778080693,94.84600053010163,114.01888978296397,82.75981662049585,triangular,50,0,95.55077453576368,84.15213934803657,113.9487199336024,125.14600053010163,11.127110747137664
s336,Virola,27.6,666,1.4,Fairchild_South,530,0.44,1640,0.00341,2390,Virola,Virola (0.44),0.948065177770008,squared through origin,602,0.666,41.44144144144144,20,66.86899998982747,41.2792610168457,69.98707470734814,48.80195855348526,circular,50,0,42.07886038012319,48.33507776295613,68.6110170144019,68.8792610168457,-1.1078136905024394
s336,Virola,27.6,666,1.4,Fairchild_South,530,0.44,1640,0.00341,2390,Virola,Virola (0.44),0.948065177770008,squared through origin,602,0.666,41.44144144144144,20,66.86899998982747,41.2792610168457,80.51753481678256,51.8275671324438,triangular,50,0,42.07886038012319,48.394362697764244,76.27201822711348,68.8792610168457,-11.638273799936854
s340,Virola,34,581,1.8,Fairchild,526,0.44,1640,0.00341,2390,Virola,Virola (0.44),2.8626170633757284,squared through origin,1149,0.581,58.5197934595525,41,119.23380933489118,82.55216435023716,105.4329811807346,79.58523098633236,circular,50,0,78.91292805877988,75.28157367550418,100.75332092203904,116.55216435023716,11.119183169502563
s340,Virola,34,581,1.8,Fairchild,526,0.44,1640,0.00341,2390,Virola,Virola (0.44),2.8626170633757284,squared through origin,1149,0.581,58.5197934595525,41,119.23380933489118,82.55216435023716,108.34379399222424,81.88185051120057,triangular,50,0,78.91292805877988,77.0626319305901,102.63170032859551,116.55216435023716,8.208370358012928
s342,Guyacan,28.1,433,1.7,Fairchild,517,0.92,2920,0.00773,10350,Handroanthus,Handroanthus (0.92),1.5966472591775167,squared through origin,1199,0.433,64.89607390300232,45,96.77272727272727,64.73896147988059,94.78289543189011,68.57002641179444,circular,50,0,74.39489929000227,75.1846360295462,101.48401936593726,92.8389614798806,-1.943933952009516
s342,Guyacan,28.1,433,1.7,Fairchild,517,0.92,2920,0.00773,10350,Handroanthus,Handroanthus (0.92),1.5966472591775167,squared through origin,1199,0.433,64.89607390300232,45,96.77272727272727,64.73896147988059,75.73104239597383,55.7994683807373,triangular,50,0,74.39489929000227,64.6737562967289,90.04488153378047,92.8389614798806,17.107919083906765
s144,Dypterix,25.2,427,2.8,Fairchild_North,522,0.85,2690,0.00717,9020,Dypterix,Dypterix (0.85),1.132069612169566,squared through origin,971,0.427,59.01639344262295,NA,NA,43.436086725891286,59.79606434701499,41.954345753913366,circular,50,1,43.436086725891286,41.954345753913366,59.79606434701499,68.63608672589129,8.840022378876299
s144,Dypterix,25.2,427,2.8,Fairchild_North,522,0.85,2690,0.00717,9020,Dypterix,Dypterix (0.85),1.132069612169566,squared through origin,971,0.427,59.01639344262295,NA,NA,43.436086725891286,52.25947918127769,38.900041711824706,triangular,50,1,43.436086725891286,38.900041711824706,52.25947918127769,68.63608672589129,16.3766075446136
s148,Anacardium,27,692,2.8,Fairchild_North,522,0.41,1060,0.00502,2460,Anacardium,Anacardium (0.41),2.135585541283626,squared through origin,1071,0.692,39.01734104046243,NA,NA,43.436086725891286,59.79606434701499,41.954345753913366,circular,50,1,43.436086725891286,41.954345753913366,59.79606434701499,70.43608672589129,10.640022378876296
s148,Anacardium,27,692,2.8,Fairchild_North,522,0.41,1060,0.00502,2460,Anacardium,Anacardium (0.41),2.135585541283626,squared through origin,1071,0.692,39.01734104046243,NA,NA,43.436086725891286,52.25947918127769,38.900041711824706,triangular,50,1,43.436086725891286,38.900041711824706,52.25947918127769,70.43608672589129,18.176607544613596
s242,Anacardium,33.2,983,1.7,Fairchild_South,530,0.41,1060,0.00502,2460,Anacardium,Anacardium (0.41),0.5954932830426574,squared through origin,726,0.983,33.77416073245168,NA,NA,42.07886038012319,68.6110170144019,48.33507776295613,circular,50,1,42.07886038012319,48.33507776295613,68.6110170144019,75.27886038012319,6.667843365721296
s242,Anacardium,33.2,983,1.7,Fairchild_South,530,0.41,1060,0.00502,2460,Anacardium,Anacardium (0.41),0.5954932830426574,squared through origin,726,0.983,33.77416073245168,NA,NA,42.07886038012319,76.27201822711348,48.394362697764244,triangular,50,1,42.07886038012319,48.394362697764244,76.27201822711348,75.27886038012319,-0.993157846990286
s264,Virola,38.5,707,3.3,West,525,0.44,1640,0.00341,2390,Virola,Virola (0.44),3.3090032328721284,squared through origin,1603,0.707,54.45544554455446,NA,NA,127.06909645423437,155.15139052702548,127.9223711265037,circular,50,1,127.06909645423437,127.9223711265037,155.15139052702548,165.56909645423437,10.417705927208885
s264,Virola,38.5,707,3.3,West,525,0.44,1640,0.00341,2390,Virola,Virola (0.44),3.3090032328721284,squared through origin,1603,0.707,54.45544554455446,NA,NA,127.06909645423437,156.62633381087136,126.63829849139363,triangular,50,1,127.06909645423437,126.63829849139363,156.62633381087136,165.56909645423437,8.942762643363011
s270,Anacardium,24.3,780,1.6,Fairchild,514,0.41,1060,0.00502,2460,Anacardium,Anacardium (0.41),0.9553884839708526,squared through origin,341,0.78,31.153846153846153,NA,NA,66.52398071669256,92.37893368952186,66.72422942443615,circular,50,1,66.52398071669256,66.72422942443615,92.37893368952186,90.82398071669256,-1.5549529728292981
s270,Anacardium,24.3,780,1.6,Fairchild,514,0.41,1060,0.00502,2460,Anacardium,Anacardium (0.41),0.9553884839708526,squared through origin,341,0.78,31.153846153846153,NA,NA,66.52398071669256,94.85689734947343,70.13628202628463,triangular,50,1,66.52398071669256,70.13628202628463,94.85689734947343,90.82398071669256,-4.032916632780868
s296,Guyacan,13.7,142,1.4,Fairchild,526,0.92,2920,0.00773,10350,Handroanthus,Handroanthus (0.92),0.3425002435552179,squared through origin,1764,0.142,96.47887323943662,NA,NA,78.91292805877988,100.75332092203904,75.28157367550418,circular,50,1,78.91292805877988,75.28157367550418,100.75332092203904,92.61292805877989,-8.140392863259152
s296,Guyacan,13.7,142,1.4,Fairchild,526,0.92,2920,0.00773,10350,Handroanthus,Handroanthus (0.92),0.3425002435552179,squared through origin,1764,0.142,96.47887323943662,NA,NA,78.91292805877988,102.63170032859551,77.0626319305901,triangular,50,1,78.91292805877988,77.0626319305901,102.63170032859551,92.61292805877989,-10.018772269815628
s298,Jacaranda,22.5,308,1.3,Fairchild,528,0.35,1160,0.00395,1980,Jacaranda,Jacaranda (0.35),4.069307127444427,squared through origin,1327,0.308,73.05194805194806,NA,NA,71.75902585630064,93.79435619362422,68.20715133046971,circular,50,1,71.75902585630064,68.20715133046971,93.79435619362422,94.25902585630064,0.46466966267641396
s298,Jacaranda,22.5,308,1.3,Fairchild,528,0.35,1160,0.00395,1980,Jacaranda,Jacaranda (0.35),4.069307127444427,squared through origin,1327,0.308,73.05194805194806,NA,NA,71.75902585630064,95.72074268785755,70.05478721566018,triangular,50,1,71.75902585630064,70.05478721566018,95.72074268785755,94.25902585630064,-1.4617168315569131
s322,Virola,37.1,670,2.5,West,525,0.44,1640,0.00341,2390,Virola,Virola (0.44),5.356659763590669,squared through origin,958,0.67,55.373134328358205,NA,NA,127.06909645423437,155.15139052702548,127.9223711265037,circular,50,1,127.06909645423437,127.9223711265037,155.15139052702548,164.16909645423436,9.01770592720888
s322,Virola,37.1,670,2.5,West,525,0.44,1640,0.00341,2390,Virola,Virola (0.44),5.356659763590669,squared through origin,958,0.67,55.373134328358205,NA,NA,127.06909645423437,156.62633381087136,126.63829849139363,triangular,50,1,127.06909645423437,126.63829849139363,156.62633381087136,164.16909645423436,7.542762643363005
